cluster,avg_house_per_turn,service_to_house,factory_to_house,avg_population_growth,avg_gold_growth,avg_supply_ratio,used_service_early,used_factory_early,avg_action_intensity
0,0.8962962962962963,0.28957794306142176,0.024915795401015857,108.73333333333333,-37.94814814814814,1.3221792108672725,1.0,0.0,0.604320987654321
1,1.5666666666666667,0.009259254115229175,0.17846411569484943,59.11666666666667,-42.53333333333333,0.8294158213392964,0.0,1.0,0.45170634920634917
2,1.5166666666666666,0.0546015819156497,0.03829031846143553,117.23333333333333,71.25833333333334,1.4272537001188847,0.0,0.125,0.7119444444444445
