avg_house_per_turn,service_to_house,factory_to_house,avg_population_growth,avg_gold_growth,avg_supply_ratio,used_service_early,used_factory_early,avg_action_intensity
0.8962962962962963,0.28957794306142176,0.024915795401015864,108.73333333333333,-37.94814814814815,1.3221792108672725,1.0,-2.7755575615628914e-17,0.604320987654321
1.5666666666666664,0.009259254115229182,0.17846411569484943,59.11666666666666,-42.53333333333334,0.8294158213392965,0.0,1.0,0.4517063492063492
1.5166666666666666,0.05460158191564969,0.03829031846143554,117.23333333333333,71.25833333333333,1.4272537001188847,5.551115123125783e-17,0.12499999999999994,0.7119444444444445
